{
  "project_info": {
    "project_number": "349863712636",
    "project_id": "ma-project-5e912",
    "storage_bucket": "ma-project-5e912.appspot.com"
  },
  "client": [
    {
      "client_info": {
        "mobilesdk_app_id": "1:349863712636:android:bc8ed098effffb3e1536f9",
        "android_client_info": {
          "package_name": "com.allandroidprojects.ecomsample"
        }
      },
      "oauth_client": [
        {
          "client_id": "349863712636-3p49n979ikcjnp3sk4a26aeiloq1lshe.apps.googleusercontent.com",
          "client_type": 3
        }
      ],
      "api_key": [
        {
          "current_key": "AIzaSyDxWvxHkFHCFQmOpa1BjmIsZw-YhobghJQ"
        }
      ],
      "services": {
        "appinvite_service": {
          "other_platform_oauth_client": [
            {
              "client_id": "349863712636-3p49n979ikcjnp3sk4a26aeiloq1lshe.apps.googleusercontent.com",
              "client_type": 3
            }
          ]
        }
      }
    }
  ],
  "configuration_version": "1"
}